epoch,steps,cosine_accuracy,cosine_accuracy_threshold,cosine_f1,cosine_precision,cosine_recall,cosine_f1_threshold,cosine_ap,cosine_mcc
1.0,1289,0.9873472949389179,0.9869896814715119,0.990990990990991,0.9830205540661304,0.9950281284893576,0.974705950146453
2.0,2578,0.9890924956369983,0.9888641425389754,0.9857904085257548,0.9919571045576407,0.9967215274875517,0.9781942813106265
3.0,3867,0.9908376963350786,0.9906040268456375,0.9919354838709677,0.9892761394101877,0.996973448625503,0.9816674516058082
